ANIO,PAY,R/B,DEB,UNK
1957,2,0,0,0
1958,5,0,0,0
1959,10,4,0,0
1960,20,11,5,0
1961,35,14,72,0
1962,56,29,188,0
1963,84,40,264,0
1964,130,60,301,0
1965,207,95,618,0
1966,250,126,754,0
1967,311,157,769,0
1968,350,191,939,0
1969,385,210,1191,0
1970,431,239,1379,0
1971,507,288,1834,0
1972,569,333,1928,0
1973,631,370,2035,0
1974,689,410,2082,0
1975,769,466,2380,0
1976,860,532,2679,0
1977,931,578,2921,0
1978,1006,620,2941,0
1979,1036,635,2688,0
1980,1073,663,2526,0
1981,1146,706,2661,0
1982,1219,745,2711,0
1983,1303,823,2895,0
1984,1402,894,2991,0
1985,1499,979,3327,0
1986,1581,1018,3503,0
1987,1662,1078,4189,1
1988,1730,1118,4122,0
1989,1782,1153,3618,0
1990,1883,1221,3530,0
1991,1960,1254,3659,0
1992,2019,1315,3642,0
1993,2083,1366,3945,0
1994,2171,1429,4106,0
1995,2234,1471,4128,0
1996,2301,1505,4729,0
1997,2421,1550,4566,0
1998,2549,1567,4491,0
1999,2646,1580,4390,0
2000,2726,1590,4507,0
2001,2758,1578,4574,0
2002,2806,1576,4490,0
2003,2866,1597,4594,0
2004,2922,1617,4695,0
2005,2970,1632,4824,0
2006,3039,1664,5221,0
2007,3117,1698,7594,0
2008,3198,1733,7815,0
2009,3294,1767,10169,0
2010,3372,1809,10715,0
2011,3458,1833,10795,1
2012,3557,1860,11207,1
2013,3721,1886,10996,1
2014,3869,1913,11001,1
2015,4013,1952,11201,2
2016,4163,1984,11417,3
2017,4559,2021,11967,3
2018,4867,2084,12128,26
2019,5239,2113,12382,31
2020,6394,2132,13158,33
2021,8004,2163,14427,66
2022,10049,2207,14020,80
2023,12266,2230,13362,84
2024,14002,2240,13182,65
2025,17390,2275,12673,53
2026,19972,2299,12537,56
